en,fr,it,de,es,ko,kana
Joey,Farouk,Paul,Paul,Chano,Paul,Paul
Jeanne,Jeanne,Jeanne,Jeanne,Jeanne,Jeanne,Jeanne
Renaud,Renaud,Renaud,Renaud,Renaud,Renaud,Renaud
Kanako,Kanako,Kanako,Kanako,Kanako,Kanako,Kanako
Lily,Lily,Lily,Lily,Lily,Lily,Lily
Cornil,Cornil,Cornil,Cornil,Cornil,Cornil,Cornil
William,William,William,William,William,William,William
Thierry,Thierry,Thierry,Thierry,Thierry,Thierry,Thierry
Judith,Judith,Judith,Judith,Judith,Judith,Judith
Palbolsky,Palbolsky,Palbolsky,Palbolsky,Palbolsky,Palbolsky,Palbolsky
Gary,Gary,Gary,Gary,Gary,Gary,Gary
Lucie,Lucie,Lucie,Lucie,Lucie,Lucie,Lucie
Robin,Robin,Robin,Robin,Robin,Robin,Robin
John,John,John,John,John,John,John
